{
  "columns.txt": 20078,
  "ALL.chr1.100000.vcf": 1014258222,
  "chr1n-1-1001.tar.gz": 27454,
  "chr1n-1001-2001.tar.gz": 27469,
  "chr1n-2001-3001.tar.gz": 27978,
  "chr1n-3001-4001.tar.gz": 27689,
  "chr1n-4001-5001.tar.gz": 27530,
  "chr1n-5001-6001.tar.gz": 27373,
  "chr1n-6001-7001.tar.gz": 27418,
  "chr1n-7001-8001.tar.gz": 27788,
  "chr1n-8001-9001.tar.gz": 28185,
  "chr1n-9001-10001.tar.gz": 28273,
  "chr1n.tar.gz": 24817,
  "ALL.chr1.phase3_shapeit2_mvncall_integrated_v5.20130502.sites.annotation.vcf": 1580478841,
  "sifted.SIFT.chr1.txt": 2126612,
  "ALL.chr2.100000.vcf": 1014229237,
  "chr2n-1-1001.tar.gz": 28506,
  "chr2n-1001-2001.tar.gz": 28503,
  "chr2n-2001-3001.tar.gz": 28459,
  "chr2n-3001-4001.tar.gz": 28493,
  "chr2n-4001-5001.tar.gz": 28498,
  "chr2n-5001-6001.tar.gz": 28286,
  "chr2n-6001-7001.tar.gz": 28335,
  "chr2n-7001-8001.tar.gz": 28457,
  "chr2n-8001-9001.tar.gz": 28529,
  "chr2n-9001-10001.tar.gz": 28558,
  "chr2n.tar.gz": 24416,
  "ALL.chr2.phase3_shapeit2_mvncall_integrated_v5.20130502.sites.annotation.vcf": 1708156254,
  "sifted.SIFT.chr2.txt": 1365482,
  "ALL.chr3.100000.vcf": 1014224801,
  "chr3n-1-1001.tar.gz": 28401,
  "chr3n-1001-2001.tar.gz": 28443,
  "chr3n-2001-3001.tar.gz": 28431,
  "chr3n-3001-4001.tar.gz": 28440,
  "chr3n-4001-5001.tar.gz": 28432,
  "chr3n-5001-6001.tar.gz": 28036,
  "chr3n-6001-7001.tar.gz": 27789,
  "chr3n-7001-8001.tar.gz": 27519,
  "chr3n-8001-9001.tar.gz": 28425,
  "chr3n-9001-10001.tar.gz": 27774,
  "chr3n.tar.gz": 24401,
  "ALL.chr3.phase3_shapeit2_mvncall_integrated_v5.20130502.sites.annotation.vcf": 1411549292,
  "sifted.SIFT.chr3.txt": 1132161,
  "ALL.chr4.100000.vcf": 1014216950,
  "chr4n-1-1001.tar.gz": 28470,
  "chr4n-1001-2001.tar.gz": 28366,
  "chr4n-2001-3001.tar.gz": 28434,
  "chr4n-3001-4001.tar.gz": 28427,
  "chr4n-4001-5001.tar.gz": 28448,
  "chr4n-5001-6001.tar.gz": 28514,
  "chr4n-6001-7001.tar.gz": 28457,
  "chr4n-7001-8001.tar.gz": 28429,
  "chr4n-8001-9001.tar.gz": 28479,
  "chr4n-9001-10001.tar.gz": 28403,
  "chr4n.tar.gz": 25239,
  "ALL.chr4.phase3_shapeit2_mvncall_integrated_v5.20130502.sites.annotation.vcf": 1343521128,
  "sifted.SIFT.chr4.txt": 806968,
  "ALL.chr5.100000.vcf": 1014267665,
  "chr5n-1-1001.tar.gz": 28778,
  "chr5n-1001-2001.tar.gz": 28742,
  "chr5n-2001-3001.tar.gz": 28745,
  "chr5n-3001-4001.tar.gz": 28808,
  "chr5n-4001-5001.tar.gz": 28748,
  "chr5n-5001-6001.tar.gz": 28793,
  "chr5n-6001-7001.tar.gz": 28768,
  "chr5n-7001-8001.tar.gz": 28755,
  "chr5n-8001-9001.tar.gz": 28657,
  "chr5n-9001-10001.tar.gz": 28721,
  "chr5n.tar.gz": 24830,
  "ALL.chr5.phase3_shapeit2_mvncall_integrated_v5.20130502.sites.annotation.vcf": 1248725682,
  "sifted.SIFT.chr5.txt": 922870,
  "ALL.chr6.100000.vcf": 1014224690,
  "chr6n-1-1001.tar.gz": 27967,
  "chr6n-1001-2001.tar.gz": 27949,
  "chr6n-2001-3001.tar.gz": 28061,
  "chr6n-3001-4001.tar.gz": 28147,
  "chr6n-4001-5001.tar.gz": 28383,
  "chr6n-5001-6001.tar.gz": 27541,
  "chr6n-6001-7001.tar.gz": 27552,
  "chr6n-7001-8001.tar.gz": 28088,
  "chr6n-8001-9001.tar.gz": 27734,
  "chr6n-9001-10001.tar.gz": 27895,
  "chr6n.tar.gz": 24180,
  "ALL.chr6.phase3_shapeit2_mvncall_integrated_v5.20130502.sites.annotation.vcf": 1191539714,
  "sifted.SIFT.chr6.txt": 1063065,
  "ALL.chr19.100000.vcf": 1014389098,
  "chr19n-1-1001.tar.gz": 28696,
  "chr19n-1001-2001.tar.gz": 28697,
  "chr19n-2001-3001.tar.gz": 28642,
  "chr19n-3001-4001.tar.gz": 28662,
  "chr19n-4001-5001.tar.gz": 28677,
  "chr19n-5001-6001.tar.gz": 28656,
  "chr19n-6001-7001.tar.gz": 28735,
  "chr19n-7001-8001.tar.gz": 28565,
  "chr19n-8001-9001.tar.gz": 28558,
  "chr19n-9001-10001.tar.gz": 28583,
  "chr19n.tar.gz": 24783,
  "ALL.chr19.phase3_shapeit2_mvncall_integrated_v5.20130502.sites.annotation.vcf": 470301753,
  "sifted.SIFT.chr19.txt": 1481880,
  "ALL.chr20.100000.vcf": 1014340420,
  "chr20n-1-1001.tar.gz": 28145,
  "chr20n-1001-2001.tar.gz": 28193,
  "chr20n-2001-3001.tar.gz": 28296,
  "chr20n-3001-4001.tar.gz": 27696,
  "chr20n-4001-5001.tar.gz": 28058,
  "chr20n-5001-6001.tar.gz": 28281,
  "chr20n-6001-7001.tar.gz": 28299,
  "chr20n-7001-8001.tar.gz": 27923,
  "chr20n-8001-9001.tar.gz": 28167,
  "chr20n-9001-10001.tar.gz": 28184,
  "chr20n.tar.gz": 24523,
  "ALL.chr20.phase3_shapeit2_mvncall_integrated_v5.20130502.sites.annotation.vcf": 442329007,
  "sifted.SIFT.chr20.txt": 523567,
  "ALL.chr21.100000.vcf": 1014442803,
  "chr21n-1-1001.tar.gz": 29301,
  "chr21n-1001-2001.tar.gz": 29114,
  "chr21n-2001-3001.tar.gz": 28289,
  "chr21n-3001-4001.tar.gz": 28175,
  "chr21n-4001-5001.tar.gz": 28989,
  "chr21n-5001-6001.tar.gz": 29311,
  "chr21n-6001-7001.tar.gz": 28432,
  "chr21n-7001-8001.tar.gz": 28290,
  "chr21n-8001-9001.tar.gz": 28141,
  "chr21n-9001-10001.tar.gz": 28410,
  "chr21n.tar.gz": 24811,
  "ALL.chr21.phase3_shapeit2_mvncall_integrated_v5.20130502.sites.annotation.vcf": 267806263,
  "sifted.SIFT.chr21.txt": 231958,
  "ALL.chr22.100000.vcf": 1014493636,
  "chr22n-1-1001.tar.gz": 28601,
  "chr22n-1001-2001.tar.gz": 28218,
  "chr22n-2001-3001.tar.gz": 28305,
  "chr22n-3001-4001.tar.gz": 28486,
  "chr22n-4001-5001.tar.gz": 28455,
  "chr22n-5001-6001.tar.gz": 27608,
  "chr22n-6001-7001.tar.gz": 28394,
  "chr22n-7001-8001.tar.gz": 27902,
  "chr22n-8001-9001.tar.gz": 28147,
  "chr22n-9001-10001.tar.gz": 28553,
  "chr22n.tar.gz": 24440,
  "ALL.chr22.phase3_shapeit2_mvncall_integrated_v5.20130502.sites.annotation.vcf": 280949919,
  "sifted.SIFT.chr22.txt": 480587,
  "AFR": 8088,
  "chr1-AFR.tar.gz": 150704,
  "chr1-AFR-freq.tar.gz": 280825,
  "GBR": 856,
  "chr1-GBR.tar.gz": 142799,
  "chr1-GBR-freq.tar.gz": 228594,
  "ALL": 28000,
  "chr1-ALL.tar.gz": 172368,
  "chr1-ALL-freq.tar.gz": 293710,
  "SAS": 5248,
  "chr1-SAS.tar.gz": 149390,
  "chr1-SAS-freq.tar.gz": 271504,
  "EAS": 4896,
  "chr1-EAS.tar.gz": 148703,
  "chr1-EAS-freq.tar.gz": 270692,
  "AMR": 4248,
  "chr1-AMR.tar.gz": 148490,
  "chr1-AMR-freq.tar.gz": 263769,
  "EUR": 5312,
  "chr1-EUR.tar.gz": 147677,
  "chr1-EUR-freq.tar.gz": 274112,
  "chr2-AFR.tar.gz": 148778,
  "chr2-AFR-freq.tar.gz": 278479,
  "chr2-GBR.tar.gz": 140901,
  "chr2-GBR-freq.tar.gz": 227265,
  "chr2-ALL.tar.gz": 171949,
  "chr2-ALL-freq.tar.gz": 292024,
  "chr2-SAS.tar.gz": 147411,
  "chr2-SAS-freq.tar.gz": 271445,
  "chr2-EAS.tar.gz": 146664,
  "chr2-EAS-freq.tar.gz": 272401,
  "chr2-AMR.tar.gz": 146352,
  "chr2-AMR-freq.tar.gz": 264607,
  "chr2-EUR.tar.gz": 145954,
  "chr2-EUR-freq.tar.gz": 273715,
  "chr3-AFR.tar.gz": 148290,
  "chr3-AFR-freq.tar.gz": 278296,
  "chr3-GBR.tar.gz": 140596,
  "chr3-GBR-freq.tar.gz": 225026,
  "chr3-ALL.tar.gz": 170395,
  "chr3-ALL-freq.tar.gz": 293137,
  "chr3-SAS.tar.gz": 147273,
  "chr3-SAS-freq.tar.gz": 269645,
  "chr3-EAS.tar.gz": 146449,
  "chr3-EAS-freq.tar.gz": 269799,
  "chr3-AMR.tar.gz": 146348,
  "chr3-AMR-freq.tar.gz": 264343,
  "chr3-EUR.tar.gz": 145760,
  "chr3-EUR-freq.tar.gz": 272311,
  "chr4-AFR.tar.gz": 146316,
  "chr4-AFR-freq.tar.gz": 275369,
  "chr4-GBR.tar.gz": 138236,
  "chr4-GBR-freq.tar.gz": 222531,
  "chr4-ALL.tar.gz": 168915,
  "chr4-ALL-freq.tar.gz": 291887,
  "chr4-SAS.tar.gz": 144927,
  "chr4-SAS-freq.tar.gz": 267271,
  "chr4-EAS.tar.gz": 143995,
  "chr4-EAS-freq.tar.gz": 268756,
  "chr4-AMR.tar.gz": 143794,
  "chr4-AMR-freq.tar.gz": 261616,
  "chr4-EUR.tar.gz": 143296,
  "chr4-EUR-freq.tar.gz": 269557,
  "chr5-AFR.tar.gz": 147405,
  "chr5-AFR-freq.tar.gz": 274372,
  "chr5-GBR.tar.gz": 139774,
  "chr5-GBR-freq.tar.gz": 224055,
  "chr5-ALL.tar.gz": 170068,
  "chr5-ALL-freq.tar.gz": 291891,
  "chr5-SAS.tar.gz": 145653,
  "chr5-SAS-freq.tar.gz": 268139,
  "chr5-EAS.tar.gz": 145005,
  "chr5-EAS-freq.tar.gz": 267796,
  "chr5-AMR.tar.gz": 144764,
  "chr5-AMR-freq.tar.gz": 263014,
  "chr5-EUR.tar.gz": 144018,
  "chr5-EUR-freq.tar.gz": 270210,
  "chr6-AFR.tar.gz": 148020,
  "chr6-AFR-freq.tar.gz": 277963,
  "chr6-GBR.tar.gz": 140562,
  "chr6-GBR-freq.tar.gz": 225478,
  "chr6-ALL.tar.gz": 171584,
  "chr6-ALL-freq.tar.gz": 290780,
  "chr6-SAS.tar.gz": 147339,