{
  "columns.txt": 240,
  "ALL.chr1.100000.vcf": 10,
  "chr1n-1-1001.tar.gz": 1,
  "chr1n-1001-2001.tar.gz": 1,
  "chr1n-2001-3001.tar.gz": 1,
  "chr1n-3001-4001.tar.gz": 1,
  "chr1n-4001-5001.tar.gz": 1,
  "chr1n-5001-6001.tar.gz": 1,
  "chr1n-6001-7001.tar.gz": 1,
  "chr1n-7001-8001.tar.gz": 1,
  "chr1n-8001-9001.tar.gz": 1,
  "chr1n-9001-10001.tar.gz": 1,
  "chr1n.tar.gz": 14,
  "ALL.chr1.phase3_shapeit2_mvncall_integrated_v5.20130502.sites.annotation.vcf": 1,
  "sifted.SIFT.chr1.txt": 14,
  "ALL.chr2.100000.vcf": 10,
  "chr2n-1-1001.tar.gz": 1,
  "chr2n-1001-2001.tar.gz": 1,
  "chr2n-2001-3001.tar.gz": 1,
  "chr2n-3001-4001.tar.gz": 1,
  "chr2n-4001-5001.tar.gz": 1,
  "chr2n-5001-6001.tar.gz": 1,
  "chr2n-6001-7001.tar.gz": 1,
  "chr2n-7001-8001.tar.gz": 1,
  "chr2n-8001-9001.tar.gz": 1,
  "chr2n-9001-10001.tar.gz": 1,
  "chr2n.tar.gz": 14,
  "ALL.chr2.phase3_shapeit2_mvncall_integrated_v5.20130502.sites.annotation.vcf": 1,
  "sifted.SIFT.chr2.txt": 14,
  "ALL.chr3.100000.vcf": 10,
  "chr3n-1-1001.tar.gz": 1,
  "chr3n-1001-2001.tar.gz": 1,
  "chr3n-2001-3001.tar.gz": 1,
  "chr3n-3001-4001.tar.gz": 1,
  "chr3n-4001-5001.tar.gz": 1,
  "chr3n-5001-6001.tar.gz": 1,
  "chr3n-6001-7001.tar.gz": 1,
  "chr3n-7001-8001.tar.gz": 1,
  "chr3n-8001-9001.tar.gz": 1,
  "chr3n-9001-10001.tar.gz": 1,
  "chr3n.tar.gz": 14,
  "ALL.chr3.phase3_shapeit2_mvncall_integrated_v5.20130502.sites.annotation.vcf": 1,
  "sifted.SIFT.chr3.txt": 14,
  "ALL.chr4.100000.vcf": 10,
  "chr4n-1-1001.tar.gz": 1,
  "chr4n-1001-2001.tar.gz": 1,
  "chr4n-2001-3001.tar.gz": 1,
  "chr4n-3001-4001.tar.gz": 1,
  "chr4n-4001-5001.tar.gz": 1,
  "chr4n-5001-6001.tar.gz": 1,
  "chr4n-6001-7001.tar.gz": 1,
  "chr4n-7001-8001.tar.gz": 1,
  "chr4n-8001-9001.tar.gz": 1,
  "chr4n-9001-10001.tar.gz": 1,
  "chr4n.tar.gz": 14,
  "ALL.chr4.phase3_shapeit2_mvncall_integrated_v5.20130502.sites.annotation.vcf": 1,
  "sifted.SIFT.chr4.txt": 14,
  "ALL.chr5.100000.vcf": 10,
  "chr5n-1-1001.tar.gz": 1,
  "chr5n-1001-2001.tar.gz": 1,
  "chr5n-2001-3001.tar.gz": 1,
  "chr5n-3001-4001.tar.gz": 1,
  "chr5n-4001-5001.tar.gz": 1,
  "chr5n-5001-6001.tar.gz": 1,
  "chr5n-6001-7001.tar.gz": 1,
  "chr5n-7001-8001.tar.gz": 1,
  "chr5n-8001-9001.tar.gz": 1,
  "chr5n-9001-10001.tar.gz": 1,
  "chr5n.tar.gz": 14,
  "ALL.chr5.phase3_shapeit2_mvncall_integrated_v5.20130502.sites.annotation.vcf": 1,
  "sifted.SIFT.chr5.txt": 14,
  "ALL.chr6.100000.vcf": 10,
  "chr6n-1-1001.tar.gz": 1,
  "chr6n-1001-2001.tar.gz": 1,
  "chr6n-2001-3001.tar.gz": 1,
  "chr6n-3001-4001.tar.gz": 1,
  "chr6n-4001-5001.tar.gz": 1,
  "chr6n-5001-6001.tar.gz": 1,
  "chr6n-6001-7001.tar.gz": 1,
  "chr6n-7001-8001.tar.gz": 1,
  "chr6n-8001-9001.tar.gz": 1,
  "chr6n-9001-10001.tar.gz": 1,
  "chr6n.tar.gz": 14,
  "ALL.chr6.phase3_shapeit2_mvncall_integrated_v5.20130502.sites.annotation.vcf": 1,
  "sifted.SIFT.chr6.txt": 14,
  "ALL.chr19.100000.vcf": 10,
  "chr19n-1-1001.tar.gz": 1,
  "chr19n-1001-2001.tar.gz": 1,
  "chr19n-2001-3001.tar.gz": 1,
  "chr19n-3001-4001.tar.gz": 1,
  "chr19n-4001-5001.tar.gz": 1,
  "chr19n-5001-6001.tar.gz": 1,
  "chr19n-6001-7001.tar.gz": 1,
  "chr19n-7001-8001.tar.gz": 1,
  "chr19n-8001-9001.tar.gz": 1,
  "chr19n-9001-10001.tar.gz": 1,
  "chr19n.tar.gz": 14,
  "ALL.chr19.phase3_shapeit2_mvncall_integrated_v5.20130502.sites.annotation.vcf": 1,
  "sifted.SIFT.chr19.txt": 14,
  "ALL.chr20.100000.vcf": 10,
  "chr20n-1-1001.tar.gz": 1,
  "chr20n-1001-2001.tar.gz": 1,
  "chr20n-2001-3001.tar.gz": 1,
  "chr20n-3001-4001.tar.gz": 1,
  "chr20n-4001-5001.tar.gz": 1,
  "chr20n-5001-6001.tar.gz": 1,
  "chr20n-6001-7001.tar.gz": 1,
  "chr20n-7001-8001.tar.gz": 1,
  "chr20n-8001-9001.tar.gz": 1,
  "chr20n-9001-10001.tar.gz": 1,
  "chr20n.tar.gz": 14,
  "ALL.chr20.phase3_shapeit2_mvncall_integrated_v5.20130502.sites.annotation.vcf": 1,
  "sifted.SIFT.chr20.txt": 14,
  "ALL.chr21.100000.vcf": 10,
  "chr21n-1-1001.tar.gz": 1,
  "chr21n-1001-2001.tar.gz": 1,
  "chr21n-2001-3001.tar.gz": 1,
  "chr21n-3001-4001.tar.gz": 1,
  "chr21n-4001-5001.tar.gz": 1,
  "chr21n-5001-6001.tar.gz": 1,
  "chr21n-6001-7001.tar.gz": 1,
  "chr21n-7001-8001.tar.gz": 1,
  "chr21n-8001-9001.tar.gz": 1,
  "chr21n-9001-10001.tar.gz": 1,
  "chr21n.tar.gz": 14,
  "ALL.chr21.phase3_shapeit2_mvncall_integrated_v5.20130502.sites.annotation.vcf": 1,
  "sifted.SIFT.chr21.txt": 14,
  "ALL.chr22.100000.vcf": 10,
  "chr22n-1-1001.tar.gz": 1,
  "chr22n-1001-2001.tar.gz": 1,
  "chr22n-2001-3001.tar.gz": 1,
  "chr22n-3001-4001.tar.gz": 1,
  "chr22n-4001-5001.tar.gz": 1,
  "chr22n-5001-6001.tar.gz": 1,
  "chr22n-6001-7001.tar.gz": 1,
  "chr22n-7001-8001.tar.gz": 1,
  "chr22n-8001-9001.tar.gz": 1,
  "chr22n-9001-10001.tar.gz": 1,
  "chr22n.tar.gz": 14,
  "ALL.chr22.phase3_shapeit2_mvncall_integrated_v5.20130502.sites.annotation.vcf": 1,
  "sifted.SIFT.chr22.txt": 14,
  "AFR": 20,
  "chr1-AFR.tar.gz": 0,
  "chr1-AFR-freq.tar.gz": 0,
  "GBR": 20,
  "chr1-GBR.tar.gz": 0,
  "chr1-GBR-freq.tar.gz": 0,
  "ALL": 20,
  "chr1-ALL.tar.gz": 0,
  "chr1-ALL-freq.tar.gz": 0,
  "SAS": 20,
  "chr1-SAS.tar.gz": 0,
  "chr1-SAS-freq.tar.gz": 0,
  "EAS": 20,
  "chr1-EAS.tar.gz": 0,
  "chr1-EAS-freq.tar.gz": 0,
  "AMR": 20,
  "chr1-AMR.tar.gz": 0,
  "chr1-AMR-freq.tar.gz": 0,
  "EUR": 20,
  "chr1-EUR.tar.gz": 0,
  "chr1-EUR-freq.tar.gz": 0,
  "chr2-AFR.tar.gz": 0,
  "chr2-AFR-freq.tar.gz": 0,
  "chr2-GBR.tar.gz": 0,
  "chr2-GBR-freq.tar.gz": 0,
  "chr2-ALL.tar.gz": 0,
  "chr2-ALL-freq.tar.gz": 0,
  "chr2-SAS.tar.gz": 0,
  "chr2-SAS-freq.tar.gz": 0,
  "chr2-EAS.tar.gz": 0,
  "chr2-EAS-freq.tar.gz": 0,
  "chr2-AMR.tar.gz": 0,
  "chr2-AMR-freq.tar.gz": 0,
  "chr2-EUR.tar.gz": 0,
  "chr2-EUR-freq.tar.gz": 0,
  "chr3-AFR.tar.gz": 0,
  "chr3-AFR-freq.tar.gz": 0,
  "chr3-GBR.tar.gz": 0,
  "chr3-GBR-freq.tar.gz": 0,
  "chr3-ALL.tar.gz": 0,
  "chr3-ALL-freq.tar.gz": 0,
  "chr3-SAS.tar.gz": 0,
  "chr3-SAS-freq.tar.gz": 0,
  "chr3-EAS.tar.gz": 0,
  "chr3-EAS-freq.tar.gz": 0,
  "chr3-AMR.tar.gz": 0,
  "chr3-AMR-freq.tar.gz": 0,
  "chr3-EUR.tar.gz": 0,
  "chr3-EUR-freq.tar.gz": 0,
  "chr4-AFR.tar.gz": 0,
  "chr4-AFR-freq.tar.gz": 0,
  "chr4-GBR.tar.gz": 0,
  "chr4-GBR-freq.tar.gz": 0,
  "chr4-ALL.tar.gz": 0,
  "chr4-ALL-freq.tar.gz": 0,
  "chr4-SAS.tar.gz": 0,
  "chr4-SAS-freq.tar.gz": 0,
  "chr4-EAS.tar.gz": 0,
  "chr4-EAS-freq.tar.gz": 0,
  "chr4-AMR.tar.gz": 0,
  "chr4-AMR-freq.tar.gz": 0,
  "chr4-EUR.tar.gz": 0,
  "chr4-EUR-freq.tar.gz": 0,
  "chr5-AFR.tar.gz": 0,
  "chr5-AFR-freq.tar.gz": 0,
  "chr5-GBR.tar.gz": 0,
  "chr5-GBR-freq.tar.gz": 0,
  "chr5-ALL.tar.gz": 0,
  "chr5-ALL-freq.tar.gz": 0,
  "chr5-SAS.tar.gz": 0,
  "chr5-SAS-freq.tar.gz": 0,
  "chr5-EAS.tar.gz": 0,
  "chr5-EAS-freq.tar.gz": 0,
  "chr5-AMR.tar.gz": 0,
  "chr5-AMR-freq.tar.gz": 0,
  "chr5-EUR.tar.gz": 0,
  "chr5-EUR-freq.tar.gz": 0,
  "chr6-AFR.tar.gz": 0,
  "chr6-AFR-freq.tar.gz": 0,
  "chr6-GBR.tar.gz": 0,
  "chr6-GBR-freq.tar.gz": 0,
  "chr6-ALL.tar.gz": 0,
  "chr6-ALL-freq.tar.gz": 0,
  "chr6-SAS.tar.gz": 0,
  "chr6-SAS-freq.tar.gz": 0,
  "chr6-EAS.tar.gz": 0,
  "chr6-EAS-freq.tar.gz": 0,
  "chr6-AMR.tar.gz": 0,
  "chr6-AMR-freq.tar.gz": 0,
  "chr6-EUR.tar.gz": 0,
  "chr6-EUR-freq.tar.gz": 0,
  "chr19-AFR.tar.gz": 0,
  "chr19-AFR-freq.tar.gz": 0,
  "chr19-GBR.tar.gz": 0,
  "chr19-GBR-freq.tar.gz": 0,
  "chr19-ALL.tar.gz": 0,
  "chr19-ALL-freq.tar.gz": 0,
  "chr19-SAS.tar.gz": 0,
  "chr19-SAS-freq.tar.gz": 0,
  "chr19-EAS.tar.gz": 0,
  "chr19-EAS-freq.tar.gz": 0,
  "chr19-AMR.tar.gz": 0,
  "chr19-AMR-freq.tar.gz": 0,
  "chr19-EUR.tar.gz": 0,
  "chr19-EUR-freq.tar.gz": 0,
  "chr20-AFR.tar.gz": 0,
  "chr20-AFR-freq.tar.gz": 0,
  "chr20-GBR.tar.gz": 0,
  "chr20-GBR-freq.tar.gz": 0,
  "chr20-ALL.tar.gz": 0,
  "chr20-ALL-freq.tar.gz": 0,
  "chr20-SAS.tar.gz": 0,
  "chr20-SAS-freq.tar.gz": 0,
  "chr20-EAS.tar.gz": 0,
  "chr20-EAS-freq.tar.gz": 0,
  "chr20-AMR.tar.gz": 0,
  "chr20-AMR-freq.tar.gz": 0,
  "chr20-EUR.tar.gz": 0,
  "chr20-EUR-freq.tar.gz": 0,
  "chr21-AFR.tar.gz": 0,
  "chr21-AFR-freq.tar.gz": 0,
  "chr21-GBR.tar.gz": 0,